LICENSE_NUMBER,BUSINESS_NAME,OWNER_NAME,HOUSE_NUMBER_AND_STREET_NAME,UNIT_NUMBER,P_O__BOX,CITY,STATE,ZIP_CODE,NAICS_CODE,NAICS_CODE_DESCRIPTION,BUSINESS_OPEN_DATE,Police_Sector_Subsector,Location_1,ObjectId,location,ADDRESS,point,latitude,longitude
500130422,ROBYN L MURPHY,DEVILS REEF,706 OPERA ALLEY,,,TACOMA,WA,98402,722410.0,Drinking Places (Alcoholic Beverages)  (,2017/12/15 00:00:00+00,None,"TACOMA, WA (Address Not Found)",1723,"706 OPERA ALLEY, TACOMA, WA","706, Opera Alley Court C, Tacoma, Pierce County, Washington, 98402, United States","(47.25739267346938, -122.44190342857142, 0.0)",47.25739267346938,-122.44190342857142
500000334,HANSS TAVERN INC,HANSS TAVERN INC,6405 SOUTH TACOMA WAY,,,TACOMA,WA,98409-4004,722410.0,Drinking Places (Alcoholic Beverages)  (,1988/07/01 00:00:00+00,3-3,"TACOMA, WA (47.198964,-122.483406)",12983,"6405 SOUTH TACOMA WAY, TACOMA, WA","6405, South Tacoma Way, Tacoma, Pierce County, Washington, 98409, United States","(47.19909232323232, -122.48358893939394, 0.0)",47.19909232323232,-122.48358893939394
500056761,LANE D SMITH,FAR POST SPORTS BAR,2610 BAY ST,,,TACOMA,WA,98421,722410.0,Drinking Places (Alcoholic Beverages)  (,2006/02/01 00:00:00+00,1-3,"TACOMA, WA (47.240472,-122.409098)",13230,"2610 BAY ST, TACOMA, WA","2610, East Bay Street, Tacoma, Pierce County, Washington, 98421, United States","(47.23864324313207, -122.39808302333006, 0.0)",47.23864324313207,-122.39808302333006
500073187,NARROWS BREWING LLP,NARROWS BREWING COMPANY,9007 S 19TH ST,# 200,,TACOMA,WA,98466-1819,722410.0,Drinking Places (Alcoholic Beverages)  (,2013/07/01 00:00:00+00,2-3,"TACOMA, WA (47.24337,-122.556905)",13339,"9007 S 19TH ST, TACOMA, WA","9007, South 19th Street, Tacoma, Pierce County, Washington, 98466, United States","(47.24277763265306, -122.55717181632653, 0.0)",47.24277763265306,-122.55717181632653
500191339,DAHLMAN CELLARS LLC,DAHLMAN CELLARS,113 N TACOMA AVE,,,TACOMA,WA,98403-2631,722410.0,Drinking Places (Alcoholic Beverages)  (,2022/04/01 00:00:00+00,2-1,"TACOMA, WA (47.26506,-122.44913)",14458,"113 N TACOMA AVE, TACOMA, WA","113, North Tacoma Avenue, Tacoma, Pierce County, Washington, 98403, United States","(47.26477136734694, -122.44869516326531, 0.0)",47.26477136734694,-122.44869516326531
500176721,ROBYN L MURPHY,GILMAN HOUSE,12 N TACOMA AVE,,,TACOMA,WA,98403-3125,722410.0,Drinking Places (Alcoholic Beverages)  (,2020/08/01 00:00:00+00,2-1,"TACOMA, WA (47.264178,-122.447852)",15066,"12 N TACOMA AVE, TACOMA, WA","12, North Tacoma Avenue, Tacoma, Pierce County, Washington, 98403, United States","(47.2641515, -122.44735120833333, 0.0)",47.2641515,-122.44735120833333
500051101,LAKEMONT CORPORATION,LATITUDE 84,8401 S HOSMER ST,,,TACOMA,WA,98444-1830,722410.0,Drinking Places (Alcoholic Beverages)  (,2008/07/01 00:00:00+00,4-4,"TACOMA, WA (47.180604,-122.46272)",15883,"8401 S HOSMER ST, TACOMA, WA","8401, South Hosmer Street, Tacoma, Pierce County, Washington, 98444, United States","(47.180645, -122.463075, 0.0)",47.180645,-122.463075
500038196,LUCKY SILVER,LUCKY SILVER,2605 SOUTH TACOMA WAY,,,TACOMA,WA,98409-7525,722410.0,Drinking Places (Alcoholic Beverages)  (,2005/01/01 00:00:00+00,3-1,"TACOMA, WA (47.230761,-122.471193)",16488,"2605 SOUTH TACOMA WAY, TACOMA, WA","2605, South Tacoma Way, Tacoma, Pierce County, Washington, 98409, United States","(47.230397530612244, -122.4712678979592, 0.0)",47.230397530612244,-122.4712678979592
500019513,SOUTHPAW INC,DAWSONS AGAIN,5443 SOUTH TACOMA WAY,,,TACOMA,WA,98409-4312,722410.0,Drinking Places (Alcoholic Beverages)  (,2001/07/01 00:00:00+00,3-2,"TACOMA, WA (47.206479,-122.483303)",16576,"5443 SOUTH TACOMA WAY, TACOMA, WA","5443, South Tacoma Way, South Tacoma, Tacoma, Pierce County, Washington, 98409, United States","(47.20761290547468, -122.48359953152548, 0.0)",47.20761290547468,-122.48359953152548
500012758,BUSCH ENTERTAINMENT,MAGOOS ANNEX,2710 N 21ST ST,,,TACOMA,WA,98406-7520,722410.0,Drinking Places (Alcoholic Beverages)  (,1998/09/01 00:00:00+00,2-2,"TACOMA, WA (47.267274,-122.472111)",16774,"2710 N 21ST ST, TACOMA, WA","Magoo's Annex, 2710, North 21st Street, Tacoma, Pierce County, Washington, 98406, United States","(47.2673751, -122.47213, 0.0)",47.2673751,-122.47213
500077931,KBI INC,FLYING BOOTS & WINGS,614 S 38TH ST,,,TACOMA,WA,98418-6716,722410.0,Drinking Places (Alcoholic Beverages)  (,2014/01/09 00:00:00+00,4-3,"TACOMA, WA (47.222877,-122.440179)",16786,"614 S 38TH ST, TACOMA, WA","614, South 38th Street, Lincoln International District, Tacoma, Pierce County, Washington, 98418, United States","(47.22299157142857, -122.43942985714285, 0.0)",47.22299157142857,-122.43942985714285
500050072,THE MIX LLC,THE MIX,635 ST HELENS AVE,,,TACOMA,WA,98402-2304,722410.0,Drinking Places (Alcoholic Beverages)  (,2008/05/01 00:00:00+00,1-1,"TACOMA, WA (47.257671,-122.442425)",17113,"635 ST HELENS AVE, TACOMA, WA","635, Saint Helens Avenue, Tacoma, Pierce County, Washington, 98402, United States","(47.25822387755102, -122.4429106122449, 0.0)",47.25822387755102,-122.4429106122449
500002091,AMVETS,ALVAH R DRAVIS POST #1,5717 S TYLER ST,,,TACOMA,WA,98409,722410.0,Drinking Places (Alcoholic Beverages)  (,1968/07/01 00:00:00+00,3-3,"TACOMA, WA (47.205246,-122.492397)",17209,"5717 S TYLER ST, TACOMA, WA","5717, South Tyler Street, Mullen Cove Apartments, Manitou, Tacoma, Pierce County, Washington, 98409, United States","(47.205192081548454, -122.49292335348109, 0.0)",47.205192081548454,-122.49292335348109
500116233,STATE STREET BEER COMPANY LLC,STATE STREET BEER COMPANY LLC,606 N STATE ST,,,TACOMA,WA,98403,722410.0,Drinking Places (Alcoholic Beverages)  (,2017/02/01 00:00:00+00,2-1,"TACOMA, WA (47.255736,-122.466194)",17390,"606 N STATE ST, TACOMA, WA","State Street Bar and Grill, 606, North State Street, Tacoma, Pierce County, Washington, 98405-2968, United States","(47.2556608, -122.4661578, 0.0)",47.2556608,-122.4661578
500122171,TUAN NORTHWEST CORPORATION,LA CA BAR,606 S JUNETT ST,,,TACOMA,WA,98405,722410.0,Drinking Places (Alcoholic Beverages)  (,2017/04/26 00:00:00+00,2-2,"TACOMA, WA (47.254953,-122.475153)",17976,"606 S JUNETT ST, TACOMA, WA","606, South Junett Street, Tacoma, Pierce County, Washington, 98405, United States","(47.2550182, -122.4749184, 0.0)",47.2550182,-122.4749184
500162636,THE DUB PUB LLC,THE DUB PUB LLC,252 BROADWAY,,,TACOMA,WA,98402,722410.0,Drinking Places (Alcoholic Beverages)  (,2019/11/01 00:00:00+00,2-1,"TACOMA, WA (47.260956,-122.443779)",18135,"252 BROADWAY, TACOMA, WA","Grand on Broadway, 252, Broadway, Tacoma, Pierce County, Washington, 98402, United States","(47.2611463, -122.44389698162091, 0.0)",47.2611463,-122.44389698162091
500182045,MISSQS INC,BILLY B S PUB AND GRUB,1213 S 56TH ST,,,TACOMA,WA,98408-3407,722410.0,Drinking Places (Alcoholic Beverages)  (,2021/02/01 00:00:00+00,4-3,"TACOMA, WA (47.206614,-122.450498)",18448,"1213 S 56TH ST, TACOMA, WA","1213, South 56th Street, Tacoma, Pierce County, Washington, 98408, United States","(47.206519, -122.45004542857143, 0.0)",47.206519,-122.45004542857143
500190867,STUTSMAN INCORPORATED,BEACH TAVERN,8612 6TH AVE,,,TACOMA,WA,98465-1004,722410.0,Drinking Places (Alcoholic Beverages)  (,2022/02/01 00:00:00+00,2-3,"TACOMA, WA (47.246421,-122.552864)",18912,"8612 6TH AVE, TACOMA, WA","8612, 6th Avenue, University Place, Tacoma, Pierce County, Washington, 98465, United States","(47.24651712244898, -122.55270512244898, 0.0)",47.24651712244898,-122.55270512244898
500091343,JR SUPPER CLUB LLC,ZODIAC SUPPER CLUB,1116 MARTIN LUTHER KING JR WAY,,,TACOMA,WA,98405,722410.0,Drinking Places (Alcoholic Beverages)  (,2015/05/01 00:00:00+00,1-1,"TACOMA, WA (47.251425,-122.451929)",19057,"1116 MARTIN LUTHER KING JR WAY, TACOMA, WA","1116, Martin Luther King Jr Way, G Street Neighborhood, Tacoma, Pierce County, Washington, 98405, United States","(47.25173967346939, -122.45177810204082, 0.0)",47.25173967346939,-122.45177810204082
500048456,NEW FRONTIER LANES LLC,THE NEW FRONTIER,301 E 25TH ST,,,TACOMA,WA,98421-1302,722410.0,Drinking Places (Alcoholic Beverages)  (,2008/02/15 00:00:00+00,1-3,"TACOMA, WA (47.239716,-122.430545)",19766,"301 E 25TH ST, TACOMA, WA","301, East 25th Street, Tacoma, Pierce County, Washington, 98421, United States","(47.239605, -122.430606, 0.0)",47.239605,-122.430606
500119724,THE TIPSY TOMATO BAR & KITCHEN LLC,THE TIPSY TOMATO BAR & KITCHEN,3878 CENTER ST,,,TACOMA,WA,98409-3164,722410.0,Drinking Places (Alcoholic Beverages)  (,2017/05/01 00:00:00+00,3-2,"TACOMA, WA (47.231067,-122.488307)",19788,"3878 CENTER ST, TACOMA, WA","3878, Center Street, Fircrest, Tacoma, Pierce County, Washington, 98409, United States","(47.231168914893615, -122.48812821276596, 0.0)",47.231168914893615,-122.48812821276596
500166790,CIDER & CEDAR LLC,CIDER & CIDAR LLC,744 MARKET ST,#102B,,TACOMA,WA,98402-3712,722410.0,Drinking Places (Alcoholic Beverages)  (,2019/09/12 00:00:00+00,1-1,"TACOMA, WA (47.255844,-122.44256)",19963,"744 MARKET ST, TACOMA, WA","744, Market Street, G Street Neighborhood, Tacoma, Pierce County, Washington, 98402, United States","(47.25686433333333, -122.44251233333333, 0.0)",47.25686433333333,-122.44251233333333
500157522,INCLINE CIDER HOUSE TACOMA LLC,INCLINE CIDER HOUSE TACOMA,2115 S C ST,,,TACOMA,WA,98402,722410.0,Drinking Places (Alcoholic Beverages)  (,2019/02/01 00:00:00+00,1-3,"TACOMA, WA (47.242389,-122.437425)",21237,"2115 S C ST, TACOMA, WA","2115, South C Street, Tacoma, Pierce County, Washington, 98402, United States","(47.24269273737374, -122.43758215151516, 0.0)",47.24269273737374,-122.43758215151516
500179169,PARKY S LLC,PARKY S,3551 MCKINLEY AVE,,,TACOMA,WA,98404-2162,722410.0,Drinking Places (Alcoholic Beverages)  (,2020/12/20 00:00:00+00,4-1,"TACOMA, WA (47.22879,-122.420325)",21275,"3551 MCKINLEY AVE, TACOMA, WA","3551, McKinley Avenue, Tacoma, Pierce County, Washington, 98404, United States","(47.22824217981423, -122.42047194627754, 0.0)",47.22824217981423,-122.42047194627754
500015528,DANETTE M STAATZ,BOBS JAVA JIVE,2102 SOUTH TACOMA WAY,,,TACOMA,WA,98409-7515,722410.0,Drinking Places (Alcoholic Beverages)  (,2001/01/01 00:00:00+00,3-1,"TACOMA, WA (47.231661,-122.464628)",21856,"2102 SOUTH TACOMA WAY, TACOMA, WA","South Tacoma Way, South Tacoma, Tacoma, Pierce County, Washington, 98409, United States","(47.2068391, -122.4836667, 0.0)",47.2068391,-122.4836667
500015387,ROGER D GONINAN,HOME PLATE TAVERN,1042 S SPRAGUE AVE,,,TACOMA,WA,98405-3076,722410.0,Drinking Places (Alcoholic Beverages)  (,2000/03/20 00:00:00+00,1-2,"TACOMA, WA (47.250426,-122.463354)",21886,"1042 S SPRAGUE AVE, TACOMA, WA","1042, South Sprague Avenue, Tacoma, Pierce County, Washington, 98405, United States","(47.25141685714286, -122.46308014285714, 0.0)",47.25141685714286,-122.46308014285714
500109817,STP AMUSEMENT INC,THE TRIPLE KNOCK,2713 6TH AVE,,,TACOMA,WA,98406-7212,722410.0,Drinking Places (Alcoholic Beverages)  (,2016/06/01 00:00:00+00,2-2,"TACOMA, WA (47.255637,-122.47212)",23555,"2713 6TH AVE, TACOMA, WA","2713, 6th Avenue, Tacoma, Pierce County, Washington, 98406, United States","(47.25552387755102, -122.47163091836734, 0.0)",47.25552387755102,-122.47163091836734
500007283,J F PARKWAY INC,PARKWAY TAVERN,313 N I ST,,,TACOMA,WA,98403,722410.0,Drinking Places (Alcoholic Beverages)  (,1996/01/01 00:00:00+00,2-1,"TACOMA, WA (47.263188,-122.453711)",24756,"313 N I ST, TACOMA, WA","Park Way Tavern, 313, North I Street, Tacoma, Pierce County, Washington, 98403, United States","(47.263158, -122.4537314, 0.0)",47.263158,-122.4537314
500006013,PARK AVENUE TAVERN INC,PARK AVENUE TAVERN,7215 S PARK AVE,,,TACOMA,WA,98408-5415,722410.0,Drinking Places (Alcoholic Beverages)  (,1980/07/01 00:00:00+00,4-4,"TACOMA, WA (47.19135,-122.44157)",24939,"7215 S PARK AVE, TACOMA, WA","7215, South Park Avenue, Lincoln International District, Hillsdale, Tacoma, Pierce County, Washington, 98408, United States","(47.1913299, -122.4417703, 0.0)",47.1913299,-122.4417703
500056797,GOOD FUN TIMES INC,THE OFFICE BAR AND GRILL,813 PACIFIC AVE,,,TACOMA,WA,98402-0000,722410.0,Drinking Places (Alcoholic Beverages)  (,2010/08/01 00:00:00+00,1-1,"TACOMA, WA (47.255997,-122.438775)",25117,"813 PACIFIC AVE, TACOMA, WA","813, Pacific Avenue, G Street Neighborhood, Tacoma, Pierce County, Washington, 98402, United States","(47.25626075510204, -122.43915920408163, 0.0)",47.25626075510204,-122.43915920408163
500141836,DGPT LLC,BEER STAR,4328 6TH AVE,,,TACOMA,WA,98406,722410.0,Drinking Places (Alcoholic Beverages)  (,2018/11/30 00:00:00+00,2-2,"TACOMA, WA (47.255061,-122.495637)",25169,"4328 6TH AVE, TACOMA, WA","Beer Star Tacoma, 4328, 6th Avenue, Tacoma, Pierce County, Washington, 98416, United States","(47.2550005, -122.4956981, 0.0)",47.2550005,-122.4956981
500137838,TERRYS OFFICE INC,TERRYS OFFICE INC,3410 N PROCTOR ST,,,TACOMA,WA,98407-5543,722410.0,Drinking Places (Alcoholic Beverages)  (,2018/04/21 00:00:00+00,2-4,"TACOMA, WA (47.279046,-122.489112)",25190,"3410 N PROCTOR ST, TACOMA, WA","3410, North Proctor Street, Tacoma, Pierce County, Washington, 98407, United States","(47.27881730612245, -122.48890928571429, 0.0)",47.27881730612245,-122.48890928571429
500053478,GWENS VENTURE LLC,ROCK THE DOCK PUB & GRILL,535 DOCK ST,STE 118,,TACOMA,WA,98402,722410.0,Drinking Places (Alcoholic Beverages)  (,2009/05/11 00:00:00+00,1-4,"TACOMA, WA (47.259993,-122.438123)",25230,"535 DOCK ST, TACOMA, WA","Rock The Dock, 535, Dock Street, G Street Neighborhood, Tacoma, Pierce County, Washington, 98402, United States","(47.2595498, -122.4379442, 0.0)",47.2595498,-122.4379442
500140374,BRENNAN SANDSTROM,DISCOVERY CIDER COMPANY,5419 SOUTH TACOMA WAY,UNIT B,,TACOMA,WA,98409-4312,722410.0,Drinking Places (Alcoholic Beverages)  (,2020/02/01 00:00:00+00,3-2,"TACOMA, WA (47.207316,-122.483298)",25253,"5419 SOUTH TACOMA WAY, TACOMA, WA","5419, South Tacoma Way, South Tacoma, Tacoma, Pierce County, Washington, 98409, United States","(47.20780953091772, -122.4835997992252, 0.0)",47.20780953091772,-122.4835997992252
500025004,O'MALLEYS IRISH PUB LLC,O'MALLEYS IRISH PUB LLC,2403 6TH AVE,,,TACOMA,WA,98406-7703,722410.0,Drinking Places (Alcoholic Beverages)  (,2003/02/01 00:00:00+00,2-2,"TACOMA, WA (47.255682,-122.468687)",26184,"2403 6TH AVE, TACOMA, WA","O'Malleys Irish Pub, 2403, 6th Avenue, Tacoma, Pierce County, Washington, 98406-6216, United States","(47.2556298, -122.46859902389537, 0.0)",47.2556298,-122.46859902389537
500136415,CROWNBAR LLC,CROWN BAR,2705 6TH AVE,,,TACOMA,WA,98406,722410.0,Drinking Places (Alcoholic Beverages)  (,2018/03/15 00:00:00+00,2-2,"TACOMA, WA (47.255682,-122.471688)",26434,"2705 6TH AVE, TACOMA, WA","2705, 6th Avenue, Tacoma, Pierce County, Washington, 98406, United States","(47.25552395918368, -122.47156830612245, 0.0)",47.25552395918368,-122.47156830612245
500180528,GOLDEN WEST SPORTS BAR INC,GOLDEN WEST SPORTS BAR & GRILL,5228 SOUTH TACOMA WAY,,,TACOMA,WA,98409-4319,722410.0,Drinking Places (Alcoholic Beverages)  (,2020/10/16 00:00:00+00,3-2,"TACOMA, WA (47.208756,-122.484149)",27030,"5228 SOUTH TACOMA WAY, TACOMA, WA","5228, South Tacoma Way, South Tacoma, Tacoma, Pierce County, Washington, 98409, United States","(47.209439646464645, -122.4838131010101, 0.0)",47.209439646464645,-122.4838131010101
500010360,MIGUEL R CORONA,EL GALLO DE ORO,3201 E PORTLAND AVE,,,TACOMA,WA,98404-4930,722410.0,Drinking Places (Alcoholic Beverages)  (,1996/06/01 00:00:00+00,4-1,"TACOMA, WA (47.234604,-122.409255)",27841,"3201 E PORTLAND AVE, TACOMA, WA","3201, East Portland Avenue, Salishan, Tacoma, Pierce County, Washington, 98404, United States","(47.234637, -122.409356, 0.0)",47.234637,-122.409356
500044854,UI SUP LEE,FLYING FISH SUSHI BAR AND GRILL,5719 N 26TH ST,B,,TACOMA,WA,98407-2408,722410.0,Drinking Places (Alcoholic Beverages)  (,2019/07/01 00:00:00+00,2-4,"TACOMA, WA (47.271603,-122.51393)",27884,"5719 N 26TH ST, TACOMA, WA","5719, North 26th Street, Tacoma, Pierce County, Washington, 98407, United States","(47.271174, -122.51349718181818, 0.0)",47.271174,-122.51349718181818
500126863,EL PIQUE NIGHTCLUB LLC,EL PIQUE NIGHTCLUB LLC,4314 E PORTLAND AVE,STE 4 5 6,,TACOMA,WA,98404,722410.0,Drinking Places (Alcoholic Beverages)  (,2017/10/01 00:00:00+00,4-2,"TACOMA, WA (47.217738,-122.408058)",27976,"4314 E PORTLAND AVE, TACOMA, WA","4314, East Portland Avenue, Salishan, Tacoma, Pierce County, Washington, 98404, United States","(47.21823690909091, -122.40778621212122, 0.0)",47.21823690909091,-122.40778621212122
500045608,MAT TAC LLC,MATADOR TACOMA,721 PACIFIC AVE,,,TACOMA,WA,98402-5207,722410.0,Drinking Places (Alcoholic Beverages)  (,2006/11/15 00:00:00+00,1-1,"TACOMA, WA (47.256663,-122.439059)",28034,"721 PACIFIC AVE, TACOMA, WA","721, Pacific Avenue, G Street Neighborhood, Tacoma, Pierce County, Washington, 98402, United States","(47.257064224489795, -122.43934126530613, 0.0)",47.257064224489795,-122.43934126530613
500004287,BEACH TAVERN INC,BEACH TAVERN INC,8612 6TH AVE,,,TACOMA,WA,98465-1004,722410.0,Drinking Places (Alcoholic Beverages)  (,1986/04/01 00:00:00+00,2-3,"TACOMA, WA (47.246421,-122.552864)",28380,"8612 6TH AVE, TACOMA, WA","8612, 6th Avenue, University Place, Tacoma, Pierce County, Washington, 98465, United States","(47.24651712244898, -122.55270512244898, 0.0)",47.24651712244898,-122.55270512244898
500133428,DUSTIN R MOSER,PLAID PIG,5214 SOUTH TACOMA WAY,,,TACOMA,WA,98409-4319,722410.0,Drinking Places (Alcoholic Beverages)  (,2018/02/09 00:00:00+00,3-2,"TACOMA, WA (47.209278,-122.48414)",28669,"5214 SOUTH TACOMA WAY, TACOMA, WA","5214, South Tacoma Way, South Tacoma, Tacoma, Pierce County, Washington, 98409, United States","(47.20954132323232, -122.48381105050504, 0.0)",47.20954132323232,-122.48381105050504
500082130,VPPX LLC,VALLEY PUB,1206 PUYALLUP AVE,,,TACOMA,WA,98421-2324,722410.0,Drinking Places (Alcoholic Beverages)  (,2014/08/01 00:00:00+00,1-3,"TACOMA, WA (47.24166,-122.417018)",29259,"1206 PUYALLUP AVE, TACOMA, WA","The Valley, 1206, Puyallup Avenue, Tacoma, Pierce County, Washington, 98421, United States","(47.24174285, -122.41698168265037, 0.0)",47.24174285,-122.41698168265037
500042294,PERFECT PINT LLC,DOYLES PUBLIC HOUSE,208 ST HELENS AVE,,,TACOMA,WA,98402-2522,722410.0,Drinking Places (Alcoholic Beverages)  (,2006/03/01 00:00:00+00,2-1,"TACOMA, WA (47.261892,-122.445777)",29453,"208 ST HELENS AVE, TACOMA, WA","208, Saint Helens Avenue, Tacoma, Pierce County, Washington, 98402, United States","(47.26206215151515, -122.4457558080808, 0.0)",47.26206215151515,-122.4457558080808
500017815,HANKS TAVERN INC,HANKS TAVERN INC,524 N K ST,# MAIN,,TACOMA,WA,98403-1622,722410.0,Drinking Places (Alcoholic Beverages)  (,2002/02/02 00:00:00+00,2-1,"TACOMA, WA (47.262063,-122.458431)",29773,"524 N K ST, TACOMA, WA","Hanks Bar & Pizza, 524, North K Street, Tacoma, Pierce County, Washington, 98403, United States","(47.2621096, -122.458483, 0.0)",47.2621096,-122.458483
500115327,SOCIAL BRANDS LLC,SHAKABRAH TACOMA,2618 6TH AVE,,,TACOMA,WA,98406-7205,722410.0,Drinking Places (Alcoholic Beverages)  (,2017/01/01 00:00:00+00,2-2,"TACOMA, WA (47.255277,-122.471184)",29856,"2618 6TH AVE, TACOMA, WA","2618, 6th Avenue, Tacoma, Pierce County, Washington, 98406, United States","(47.25535981632653, -122.47054787755101, 0.0)",47.25535981632653,-122.47054787755101
500060045,SOCIAL BRANDS LLC,THE SOCIAL BAR AND GRILL,1715 DOCK ST,#A,,TACOMA,WA,98402-3204,722410.0,Drinking Places (Alcoholic Beverages)  (,2011/07/06 00:00:00+00,1-3,"TACOMA, WA (47.246655,-122.434383)",29857,"1715 DOCK ST, TACOMA, WA","1715, Dock Street, Tacoma, Pierce County, Washington, 98402, United States","(47.24733373802921, -122.43469099351789, 0.0)",47.24733373802921,-122.43469099351789
500073063,THE BRASS LANTERN INC,THE BRASS LANTERN INC,6201 MCKINLEY AVE,,,TACOMA,WA,98404-2337,722410.0,Drinking Places (Alcoholic Beverages)  (,2013/06/24 00:00:00+00,4-2,"TACOMA, WA (47.200575,-122.420555)",29978,"6201 MCKINLEY AVE, TACOMA, WA","6201, McKinley Avenue, Tacoma, Pierce County, Washington, 98404, United States","(47.200711, -122.420751, 0.0)",47.200711,-122.420751
500115420,JDM MANAGEMENT GROUP LLC,AIR PORT TAVERN,5406 SOUTH TACOMA WAY,,,TACOMA,WA,98409-0000,722410.0,Drinking Places (Alcoholic Beverages)  (,2018/01/01 00:00:00+00,3-2,"TACOMA, WA (47.207784,-122.484144)",30015,"5406 SOUTH TACOMA WAY, TACOMA, WA","5406, South Tacoma Way, South Tacoma, Tacoma, Pierce County, Washington, 98409, United States","(47.20790793780039, -122.4838410334439, 0.0)",47.20790793780039,-122.4838410334439
