﻿Member Name,Party,NAMELSAD20,Position,Room,Phone,Email,Chamber,Legislative Assistant,LA Email,,
Peter Abbarno,R,State House District 20,1,JLOB 411,(360) 786-7896,Peter.Abbarno@leg.wa.gov,House,Catherine Word,catherine.word@leg.wa.gov,,
Andrew Barkis,R,State House District 2,1,LEG 122D,(360) 584-9846,andrew.barkis@leg.wa.gov,House,Kaden Sanné,kaden.sanne@leg.wa.gov,,
Jessica Bateman,D,State House District 22,2,JLOB 317,(360) 545-9513,jessica.bateman@leg.wa.gov,House,Kasey Schiewe,kasey.schiewe@leg.wa.gov,,
April Berg,D,State House District 44,2,LEG 132C,(425) 939-8423,April.Berg@leg.wa.gov,House,Katharine Gillen,Katharine.Gillen@leg.wa.gov,,
Steve Bergquist,D,State House District 11,2,JLOB 322,(253) 214-3275,steve.bergquist@leg.wa.gov,House,Syd Locke,syd.locke@leg.wa.gov,,
Liz Berry,D,State House District 36,2,JLOB 304,(206) 709-5260,Liz.Berry@leg.wa.gov,House,Emma Spickard,Emma.Spickard@leg.wa.gov,,
Matt Boehnke,R,State House District 8,2,LEG 122B,(509) 315-2315,matt.boehnke@leg.wa.gov,House,Dinah Le Duc,dinah.leduc@leg.wa.gov,,
Dan Bronoske,D,State House District 28,2,JLOB 419,(360) 786-7958,Dan.Bronoske@leg.wa.gov,House,Leona Wankowski,Leona.Wankowski@leg.wa.gov,,
Michelle Caldier,R,State House District 26,2,LEG 122H,(360) 786-7802,michelle.caldier@leg.wa.gov,House,Robert Lewis,robert.lewis@leg.wa.gov,,
Lisa Callan,D,State House District 5,2,JLOB 335,(425) 651-2341,lisa.callan@leg.wa.gov,House,Zachary Hall,zach.hall@leg.wa.gov,,
Kelly Chambers,R,State House District 25,1,JLOB 426,(360) 746-3670,kelly.chambers@leg.wa.gov,House,Dianna Hawkins,dianna.hawkins@leg.wa.gov,,
Bruce Chandler,R,State House District 15,1,LEG 427B,(360) 786-7960,bruce.chandler@leg.wa.gov,House,Melinda Bailey,melinda.bailey@leg.wa.gov,,
Mike Chapman,D,State House District 24,1,LEG 132B,(564) 888-2321,mike.chapman@leg.wa.gov,House,Annika Pederson,annika.pederson@leg.wa.gov,Dawn Thomas,dawn.thomas@leg.wa.gov
Rob Chase,R,State House District 4,1,JLOB 466,(509) 866-4094,Rob.Chase@leg.wa.gov,House,Cecily Wright,Cecily.Wright@leg.wa.gov,,
Frank Chopp,D,State House District 43,2,LEG 429A,(206) 905-6681,frank.chopp@leg.wa.gov,House,Daniel Lugo,daniel.lugo@leg.wa.gov,,
Eileen Cody,D,State House District 34,1,JLOB 303,(564) 888-2493,eileen.cody@leg.wa.gov,House,Samantha Morrow,Samantha.Morrow@leg.wa.gov,,
Chris Corry,R,State House District 14,1,JLOB 430,(509) 907-6087,chris.corry@leg.wa.gov,House,Gale Sackman,gale.sackman@leg.wa.gov,,
Lauren Davis,D,State House District 32,2,JLOB 331,(206) 673-3501,lauren.davis@leg.wa.gov,House,Charlotte Janovyak,charlotte.janovyak@leg.wa.gov,,
Tom Dent,R,State House District 13,1,JLOB 437,(509) 941-2346,tom.dent@leg.wa.gov,House,Patricia Tenney,patricia.tenney@leg.wa.gov,,
Laurie Dolan,D,State House District 22,1,JLOB 318,(360) 786-7940,laurie.dolan@leg.wa.gov,House,Eileen Swarthout,eileen.swarthout@leg.wa.gov,,
Brandy Donaghy,D,State House District 44,1,JLOB 326,(360) 786-7804,Brandy.Donaghy@leg.wa.gov,House,Jessica Thom,jessica.thom@leg.wa.gov,,
Davina Duerr,D,State House District 1,1,JLOB 327,(425) 318-1303,davina.duerr@leg.wa.gov,House,Ann Dasch,ann.dasch@leg.wa.gov,,
Jeremie Dufault,R,State House District 15,2,LEG 122E,(509) 593-4559,jeremie.dufault@leg.wa.gov,House,Conor Agnew,conor.agnew@leg.wa.gov,,
Mary Dye,R,State House District 9,1,JLOB 432,(564) 888-2380,mary.dye@leg.wa.gov,House,Pam Shaffer,Pam.Shaffer@leg.wa.gov,,
Debra Entenman,D,State House District 47,1,JLOB 305,(253) 330-5504,debra.entenman@leg.wa.gov,House,Derek Loville,derek.loville@leg.wa.gov,,
Carolyn Eslick,R,State House District 39,2,JLOB 467,(360) 786-7816,carolyn.eslick@leg.wa.gov,House,Brenda Glenn,brenda.glenn@leg.wa.gov,,
Jake Fey,D,State House District 27,2,JLOB 415,(253) 238-0511,jake.fey@leg.wa.gov,House,Anna Nepomuceno,anna.nepomuceno@leg.wa.gov,Johanna Lundahl,Johanna.Lundahl@leg.wa.gov
Joe Fitzgibbon,D,State House District 34,2,JLOB 320,(564) 888-2362,joe.fitzgibbon@leg.wa.gov,House,Holly Hines,Holly.Hines@leg.wa.gov,,
Noel Frame,D,State House District 36,1,JLOB 420,(206) 962-5098,noel.frame@leg.wa.gov,House,Natalia Koss Vallejo,natalia.kossvallejo@leg.wa.gov,,
Greg Gilday,R,State House District 10,1,JLOB 404,(360) 939-1211,Greg.Gilday@leg.wa.gov,House,Nick Nehring,nick.nehring@leg.wa.gov,,
Keith Goehner,R,State House District 12,1,LEG 122C,(509) 665-0386,keith.goehner@leg.wa.gov,House,Brandt Cappell,brandt.cappell@leg.wa.gov,Melanie Wyss,Melanie.Wyss@leg.wa.gov
Roger Goodman,D,State House District 45,1,LEG 436B,(360) 786-7878,roger.goodman@leg.wa.gov,House,Sydney Oliver,sydney.oliver@leg.wa.gov,,
Jenny Graham,R,State House District 6,2,JLOB 435,(509) 960-5393,jenny.graham@leg.wa.gov,House,Jack Bridgewater,jack.bridgewater@leg.wa.gov,,
Mia Gregerson,D,State House District 33,2,JLOB 328,(253) 981-6278,mia.gregerson@leg.wa.gov,House,Kaela Salivio-Bird,Kaela.Salivio-Bird@leg.wa.gov,,
Dan Griffey,R,State House District 35,1,JLOB 403,(360) 786-7966,dan.griffey@leg.wa.gov,House,Amber Oliver,amber.oliver@leg.wa.gov,,
David Hackney,D,State House District 11,1,JLOB 319,(206) 490-0914,David.Hackney@leg.wa.gov,House,David Flasterstein,david.flasterstein@leg.wa.gov,,
Drew Hansen,D,State House District 23,2,JLOB 370,(206) 333-2975,drew.hansen@leg.wa.gov,House,Audrey Audette,audrey.audette@leg.wa.gov,,
Paul Harris,R,State House District 17,2,LEG 426A,(360) 786-7976,paul.harris@leg.wa.gov,House,Toni Camp,toni.camp@leg.wa.gov,,
Kirsten Harris-Talley,D,State House District 37,2,LEG 132E,(206) 971-1222,Kirsten.Harris-Talley@leg.wa.gov,House,Mckaylia Marshall,Mckaylia.Marshall@leg.wa.gov,,
Larry Hoff,R,State House District 18,2,JLOB 406,(360) 419-5592,larry.hoff@leg.wa.gov,House,Virginia Hall,virginia.hall@leg.wa.gov,,
Cyndy Jacobsen,R,State House District 25,2,JLOB 405,(253) 449-8545,Cyndy.Jacobsen@leg.wa.gov,House,Andrew Willett,Andrew.Willett@leg.wa.gov,,
Laurie Jinkins,D,State House District 27,1,LEG 339C,(253) 393-2990,laurie.jinkins@leg.wa.gov,House,Tony Ivey,Tony.Ivey@leg.wa.gov,Faith Flaherty,faith.flaherty@leg.wa.gov
Jesse Johnson,D,State House District 30,2,JLOB 369,(206) 333-2989,jesse.johnson@leg.wa.gov,House,Anna Johnson,anna.johnson@leg.wa.gov,,
Steve Kirby,D,State House District 29,2,LEG 437B,(360) 786-7996,steve.kirby@leg.wa.gov,House,Christel Mason-Gillespie,christel.gillespie@leg.wa.gov,,
Mark Klicker,R,State House District 16,1,JLOB 410,(360) 786-7836,Mark.Klicker@leg.wa.gov,House,Reni Michael,reni.michael@leg.wa.gov,,
Brad Klippert,R,State House District 8,1,LEG 122A,(360) 786-7882,brad.klippert@leg.wa.gov,House,Loujanna Rohrer,lj.rohrer@leg.wa.gov,,
Shelley Kloba,D,State House District 1,2,LEG 132A,(564) 888-2377,shelley.kloba@leg.wa.gov,House,Brian Haifley,brian.haifley@leg.wa.gov,,
Vicki Kraft,R,State House District 17,1,JLOB 436,(360) 786-7994,vicki.kraft@leg.wa.gov,House,Patty Daniells,patty.daniells@leg.wa.gov,,
Joel Kretz,R,State House District 7,2,LEG 335A,(360) 786-7988,joel.kretz@leg.wa.gov,House,Jasmine Elam,jasmine.elam@leg.wa.gov,,
Mari Leavitt,D,State House District 28,1,JLOB 330,(253) 256-0302,mari.leavitt@leg.wa.gov,House,Barbara Gilchrist,Barbara.Gilchrist@leg.wa.gov,,
Debra Lekanoff,D,State House District 40,1,JLOB 422,(360) 419-5266,debra.lekanoff@leg.wa.gov,House,Cole Harvey,Cole.Harvey@leg.wa.gov,,
Drew MacEwen,R,State House District 35,2,LEG 427A,(360) 786-7902,drew.macewen@leg.wa.gov,House,Robert Barnes,rob.barnes@leg.wa.gov,,
Nicole Macri,D,State House District 43,1,JLOB 311,(206) 333-4228,nicole.macri@leg.wa.gov,House,Emily Stone,Emily.Stone@leg.wa.gov,,
Jacquelin Maycumber,R,State House District 7,1,LEG 425B,(360) 786-7908,jacquelin.maycumber@leg.wa.gov,House,Joshua Bentzel,joshua.bentzel@leg.wa.gov,,
Bob McCaslin,R,State House District 4,2,JLOB 425,(360) 786-7820,bob.mccaslin@leg.wa.gov,House,Scott Staley,scott.staley@leg.wa.gov,,
Joel McEntire,R,State House District 19,2,JLOB 409,(360) 786-7870,Joel.McEntire@leg.wa.gov,House,Suzi Ryan,suzi.ryan@leg.wa.gov,,
Melanie Morgan,D,State House District 29,1,JLOB 417,(360) 786-7906,melanie.morgan@leg.wa.gov,House,Leslie Harbaugh,leslie.harbaugh@leg.wa.gov,,
Gina Mosbrucker,R,State House District 14,2,JLOB 431,(360) 761-1194,gina.mosbrucker@leg.wa.gov,House,Kole Musgrove,Kole.Musgrove@leg.wa.gov,,
Ed Orcutt,R,State House District 20,2,JLOB 408,(360) 786-7990,ed.orcutt@leg.wa.gov,House,Victoria Benson,tori.benson@leg.wa.gov,,
Timm Ormsby,D,State House District 3,2,JLOB 315,(360) 786-7946,timm.ormsby@leg.wa.gov,House,Shannon Waechter,shannon.waechter@leg.wa.gov,Nicole Rees,nicole.rees@leg.wa.gov
Lillian Ortiz-Self,D,State House District 21,2,LEG 434B,(360) 786-7972,lillian.ortiz-self@leg.wa.gov,House,Israel Rios,israel.rios@leg.wa.gov,,
Tina Orwall,D,State House District 33,1,LEG 430,(253) 656-5265,tina.orwall@leg.wa.gov,House,Mary Soderlind,mary.soderlind@leg.wa.gov,,
Dave Paul,D,State House District 10,2,JLOB 309,(360) 553-4226,dave.paul@leg.wa.gov,House,Mayzie Shaver,mayzie.shaver@leg.wa.gov,,
Strom Peterson,D,State House District 21,1,JLOB 324,(564) 888-2336,strom.peterson@leg.wa.gov,House,Joshua Apata,joshua.apata@leg.wa.gov,,
Gerry Pollet,D,State House District 46,1,LEG 438A,(206) 307-0409,gerry.pollet@leg.wa.gov,House,Emily Grupp,Emily.Grupp@leg.wa.gov,,
Alex Ramel,D,State House District 40,2,LEG 132D,(360) 786-7970,alex.ramel@leg.wa.gov,House,Amanda Hubik,amanda.hubik@leg.wa.gov,,
Bill Ramos,D,State House District 5,1,JLOB 325,(425) 654-4402,bill.ramos@leg.wa.gov,House,Hunter Cooper,hunter.cooper@leg.wa.gov,,
Marcus Riccelli,D,State House District 3,1,LEG 434A,(509) 866-4954,marcus.riccelli@leg.wa.gov,House,Derrick Skaug,Derrick.Skaug@leg.wa.gov,,
Eric Robertson,R,State House District 31,2,JLOB 465,(360) 786-7866,Eric.Robertson@leg.wa.gov,House,Meagan Hillier,meagan.hillier@leg.wa.gov,,
Skyler Rude,R,State House District 16,2,LEG 122G,(509) 593-4559,skyler.rude@leg.wa.gov,House,Conor Agnew,conor.agnew@leg.wa.gov,,
Alicia Rule,D,State House District 42,1,JLOB 334,(360) 746-3744,Alicia.Rule@leg.wa.gov,House,Rachel Campbell,Rachel.Campbell@leg.wa.gov,,
Cindy Ryu,D,State House District 32,1,JLOB 421,(206) 307-0769,cindy.ryu@leg.wa.gov,House,Shoubee Liaw,shoubee.liaw@leg.wa.gov,,
Sharon Tomiko Santos,D,State House District 37,1,JLOB 321,(360) 786-7944,sharontomiko.santos@leg.wa.gov,House,Amber Ceballos,Amber.Ceballos@leg.wa.gov,,
Joe Schmick,R,State House District 9,2,LEG 426B,(253) 275-1425,joe.schmick@leg.wa.gov,House,Trixie Harmon,trixie.harmon@leg.wa.gov,,
Mike Sells,D,State House District 38,2,LEG 438B,(360) 255-0152,mike.sells@leg.wa.gov,House,Cory Christopherson,cory.christopherson@leg.wa.gov,,
Tana Senn,D,State House District 41,1,JLOB 308,(425) 279-5345,tana.senn@leg.wa.gov,House,Yuval Berenstein,Yuval.Berenstein@leg.wa.gov,,
Sharon Shewmake,D,State House District 42,2,JLOB 310,(360) 746-6939,sharon.shewmake@leg.wa.gov,House,Sarah Soulliere,Sarah.Soulliere@leg.wa.gov,,
Tarra Simmons,D,State House District 23,1,LEG 132F,(564) 888-2476,Tarra.Simmons@leg.wa.gov,House,Zach Ellis,Zach.Ellis@leg.wa.gov,,
Vandana Slatter,D,State House District 48,1,JLOB 368,(425) 458-7240,vandana.slatter@leg.wa.gov,House,Noelle Kappert,noelle.kappert@leg.wa.gov,,
Larry Springer,D,State House District 45,2,LEG 437A,(425) 947-8921,larry.springer@leg.wa.gov,House,Natalie Whitesel,Natalie.Whitesel@leg.wa.gov,,
Mike Steele,R,State House District 12,2,LEG 122F,(509) 782-3436,mike.steele@leg.wa.gov,House,Brenda Glenn,brenda.glenn@leg.wa.gov,,
Drew Stokesbary,R,State House District 31,1,JLOB 434,(360) 786-7846,drew.stokesbary@leg.wa.gov,House,Gina Palermo,gina.palermo@leg.wa.gov,,
Monica Jurado Stonier,D,State House District 49,2,LEG 436A,(360) 786-7872,monica.stonier@leg.wa.gov,House,Erika Odem,erika.odem@leg.wa.gov,,
Pat Sullivan,D,State House District 47,2,LEG 339A,(360) 786-7858,pat.sullivan@leg.wa.gov,House,Lesley Roberts,lesley.roberts@leg.wa.gov,,
Robert Sutherland,R,State House District 39,1,JLOB 470,(360) 786-7967,robert.sutherland@leg.wa.gov,House,Joy Churchill,Joy.Churchill@leg.wa.gov,,
Jamila Taylor,D,State House District 30,1,JLOB 418,(360) 868-6290,Jamila.Taylor@leg.wa.gov,House,Preeya Williams,Preeya.Williams@leg.wa.gov,,
My-Linh Thai,D,State House District 41,2,JLOB 424,(206) 333-4107,my-linh.thai@leg.wa.gov,House,Alex Hamasaki,alex.hamasaki@leg.wa.gov,,
Steve Tharinger,D,State House District 24,2,JLOB 314,(564) 888-2366,steve.tharinger@leg.wa.gov,House,Dawn Thomas,dawn.thomas@leg.wa.gov,,
Javier Valdez,D,State House District 46,2,JLOB 306,(206) 905-8739,javier.valdez@leg.wa.gov,House,Johana Guerrero,Johana.Guerrero@leg.wa.gov,,
Brandon Vick,R,State House District 18,1,LEG 425A,(564) 888-2271,brandon.vick@leg.wa.gov,House,Peter Gilmour,peter.gilmour@leg.wa.gov,,
Mike Volz,R,State House District 6,1,JLOB 427,(509) 456-2750,mike.volz@leg.wa.gov,House,Phillip Janzen,phillip.janzen@leg.wa.gov,,
Amy Walen,D,State House District 48,2,JLOB 336,(425) 883-3366,amy.walen@leg.wa.gov,House,Michelle Hansmann,michelle.hansmann@leg.wa.gov,,
Jim Walsh,R,State House District 19,1,JLOB 428,(360) 485-0547,jim.walsh@leg.wa.gov,House,Kari Dodson,kari.dodson@leg.wa.gov,,
Emily Wicks,D,State House District 38,1,JLOB 332,(425) 903-8186,emily.wicks@leg.wa.gov,House,Mary Fosse,Mary.Fosse@leg.wa.gov,,
J.T. Wilcox,R,State House District 2,2,LEG 335C,(253) 329-5194,jt.wilcox@leg.wa.gov,House,Tammi Lewis,tammi.lewis@leg.wa.gov,,
Sharon Wylie,D,State House District 49,1,JLOB 414,(360) 786-7924,sharon.wylie@leg.wa.gov,House,Megan Walsh,megan.walsh@leg.wa.gov,,
Alex Ybarra,R,State House District 13,2,JLOB 469,(360) 786-7808,alex.ybarra@leg.wa.gov,House,Marge Plumage,marge.plumage@leg.wa.gov,,
